<?xml version="1.0" encoding="UTF-8"?>

<beans xmlns="http://www.springframework.org/schema/beans"
	xmlns:xsi="http://www.w3.org/2001/XMLSchema-instance"
	xmlns:aop="http://www.springframework.org/schema/aop"
	xmlns:context="http://www.springframework.org/schema/context"
	xsi:schemaLocation="http://www.springframework.org/schema/beans 
    http://www.springframework.org/schema/beans/spring-beans-4.0.xsd
    http://www.springframework.org/schema/context
    http://www.springframework.org/schema/context/spring-context.xsd">

	<!-- For creating a datasource reference -->
	<bean id="datasource"
		class="org.springframework.jdbc.datasource.DriverManagerDataSource">
		<property name="driverClassName"
			value="com.mysql.cj.jdbc.Driver"></property>
		<property name="url" value="jdbc:mysql://localhost/ibm" />
		<property name="username" value="root" />
		<property name="password" value="root" />
	</bean>

	<!-- For obtaining a jdbc template -->
	<bean id="jdbcTemplate"
		class="org.springframework.jdbc.core.JdbcTemplate">
		<property name="dataSource" ref="datasource" />
	</bean>

	<!-- For obtaining a named parameter Jdbc template -->
	<bean id="namedParameterJdbcTemplate"
		class=" org.springframework.jdbc.core.namedparam.NamedParameterJdbcTemplate ">
		<constructor-arg name="dataSource" ref="datasource" />
	</bean>
	
	<!--  obtain a dao object -->
		<bean id="accountDao" class="spring.dao.AccountDao.java" >
		<property name="jdbcTemplate" ref="jdbcTemplate"/>
	 	<property name="namedParameterJdbcTemplate" ref="namedParameterJdbcTemplate" /> 
		</bean>

	<context:annotation-config></context:annotation-config>
	
	<context:component-scan
		base-package="spring"></context:component-scan>


</beans>